{"initial_reset_timestamp": 1589721572.7983036, "timestamps": [1589721581.447546, 1589721590.0839884, 1589721591.7796082, 1589721593.4318066, 1589721595.1354547], "episode_lengths": [833, 833, 833, 833, 833], "episode_rewards": [355.00333333333657, 355.00333333333657, 355.00333333333657, 355.00333333333657, 355.00333333333657], "episode_types": ["t", "t", "t", "t", "t"]}