{"initial_reset_timestamp": 1589718117.653567, "timestamps": [1589718122.4521897, 1589718126.4181972, 1589718127.3781428, 1589718128.2586691, 1589718129.1047304], "episode_lengths": [353, 353, 353, 352, 354], "episode_rewards": [1041.470000000002, 1041.470000000002, 1041.470000000002, 1041.4800000000023, 1041.4600000000023], "episode_types": ["t", "t", "t", "t", "t"]}