{"initial_reset_timestamp": 1589799869.5048602, "timestamps": [1589799873.1733503, 1589799903.5855682, 1589799904.303548, 1589799904.9914255, 1589799905.7000086, 1589799906.7548048, 1589799907.4357934, 1589799913.3012815, 1589799916.90405, 1589799922.8006608, 1589799928.674175, 1589799929.3910258, 1589799935.2448053, 1589799935.9344327, 1589799941.75084], "episode_lengths": [411, 3501, 411, 411, 411, 624, 411, 3501, 411, 3501, 3501, 411, 3501, 411, 3501], "episode_rewards": [285.8900000000024, 2954.9899999997715, 285.8900000000024, 285.8900000000024, 285.8900000000024, 443.76000000000477, 285.8900000000024, 2954.9899999997706, 285.8900000000024, 2954.9899999997715, 2954.9899999997715, 285.8900000000024, 2954.9899999997715, 285.8900000000024, 2954.9899999997715], "episode_types": ["t", "t", "t", "t", "t", "t", "t", "t", "t", "t", "t", "t", "t", "t", "t"]}