{"initial_reset_timestamp": 1589733102.5140183, "timestamps": [1589733106.8077025, 1589733110.0620914, 1589733110.8046315, 1589733111.3785694, 1589733111.9677262], "episode_lengths": [175, 177, 177, 177, 179], "episode_rewards": [1058.250000000001, 1058.230000000001, 1058.230000000001, 1058.230000000001, 1058.210000000001], "episode_types": ["t", "t", "t", "t", "t"]}