{"initial_reset_timestamp": 1589732750.0805898, "timestamps": [1589732765.931558, 1589732790.8476365, 1589732793.3088992, 1589732797.5561411, 1589732800.0173042, 1589732802.586401, 1589732806.9059029, 1589732809.2549338, 1589732825.428348, 1589732829.6221948], "episode_lengths": [885, 1447, 885, 1447, 885, 885, 1447, 885, 885, 1447], "episode_rewards": [31.150000000000112, 55.53000000000045, 31.150000000000112, 55.53000000000045, 31.150000000000112, 31.150000000000112, 55.53000000000045, 31.150000000000112, 31.150000000000112, 55.53000000000045], "episode_types": ["t", "t", "t", "t", "t", "t", "t", "t", "t", "t"]}