{"initial_reset_timestamp": 1589621184.4879286, "timestamps": [1589621186.6676793, 1589621187.8803496, 1589621188.1597092, 1589621188.2386746, 1589621188.309832], "episode_lengths": [14, 14, 14, 14, 14], "episode_rewards": [9.860000000000003, 9.860000000000003, 9.860000000000003, 9.860000000000003, 9.860000000000003], "episode_types": ["t", "t", "t", "t", "t"]}