{"initial_reset_timestamp": 1589718254.6127675, "timestamps": [1589718265.973132, 1589718276.911926, 1589718279.303342, 1589718281.6285906, 1589718283.7380462], "episode_lengths": [875, 875, 875, 875, 875], "episode_rewards": [369.58333333333303, 369.58333333333303, 369.58333333333303, 369.58333333333303, 369.58333333333303], "episode_types": ["t", "t", "t", "t", "t"]}