{"initial_reset_timestamp": 1589735407.6361454, "timestamps": [1589735411.7976434, 1589735415.1465795, 1589735415.8547494, 1589735416.4285147, 1589735416.9684865], "episode_lengths": [177, 177, 211, 177, 177], "episode_rewards": [1058.230000000001, 1058.230000000001, 1057.8900000000012, 1058.230000000001, 1058.230000000001], "episode_types": ["t", "t", "t", "t", "t"]}