{"initial_reset_timestamp": 1589622448.8355677, "timestamps": [1589622450.302755, 1589622451.0793715, 1589622451.263627, 1589622451.3011968, 1589622451.3579457], "episode_lengths": [6, 6, 6, 6, 6], "episode_rewards": [9.940000000000001, 9.940000000000001, 9.940000000000001, 9.940000000000001, 9.940000000000001], "episode_types": ["t", "t", "t", "t", "t"]}