{"initial_reset_timestamp": 1589685059.5786211, "timestamps": [1589685061.6333025, 1589685063.8854957, 1589685064.5527456, 1589685065.1917858, 1589685065.7564843], "episode_lengths": [177, 179, 177, 179, 178], "episode_rewards": [1058.230000000001, 1058.210000000001, 1058.230000000001, 1058.210000000001, 1058.2200000000012], "episode_types": ["t", "t", "t", "t", "t"]}