{"initial_reset_timestamp": 1589732450.2893577, "timestamps": [1589732454.2949476, 1589732456.6608179, 1589732457.2113435, 1589732457.61323, 1589732458.5406559], "episode_lengths": [197, 126, 126, 126, 291], "episode_rewards": [8.029999999999946, -274.59333333333296, -274.59333333333296, -274.59333333333296, 350.4233333333337], "episode_types": ["t", "t", "t", "t", "t"]}