{"initial_reset_timestamp": 1589622537.9855962, "timestamps": [1589622540.481289, 1589622543.0029771, 1589622543.5695355, 1589622543.7420094, 1589622543.9038432], "episode_lengths": [36, 36, 36, 36, 36], "episode_rewards": [9.640000000000006, 9.640000000000006, 9.640000000000006, 9.640000000000006, 9.640000000000006], "episode_types": ["t", "t", "t", "t", "t"]}