{"initial_reset_timestamp": 1589729113.7518635, "timestamps": [1589729118.4187586, 1589729122.4356985, 1589729123.1966248, 1589729123.9106877, 1589729124.6328094], "episode_lengths": [201, 193, 193, 201, 201], "episode_rewards": [341.32333333333384, 8.069999999999949, 8.069999999999949, 341.32333333333384, 341.32333333333384], "episode_types": ["t", "t", "t", "t", "t"]}