{"initial_reset_timestamp": 1589719147.8181684, "timestamps": [1589719158.5873492, 1589719169.059918, 1589719171.211519, 1589719173.3658514, 1589719175.589204], "episode_lengths": [1109, 1113, 1113, 1113, 1178], "episode_rewards": [1033.9100000000017, 1033.8700000000015, 1033.8700000000015, 1033.8700000000015, 366.5533333333326], "episode_types": ["t", "t", "t", "t", "t"]}