{"initial_reset_timestamp": 1589770106.8726547, "timestamps": [1589770110.7321763, 1589770131.863306, 1589770132.8162746, 1589770133.7033577, 1589770138.6422715, 1589770139.483024, 1589770144.4902182, 1589770145.363861, 1589770166.337505, 1589770171.175145, 1589770176.0849411, 1589770176.9184017, 1589770177.7455015, 1589770178.5923827, 1589770179.413707], "episode_lengths": [494, 2801, 494, 494, 2801, 494, 2801, 494, 2801, 2801, 2801, 494, 494, 494, 494], "episode_rewards": [25.05999999999993, 121.98999999999496, 25.05999999999993, 25.05999999999993, 121.98999999999496, 25.05999999999993, 121.98999999999496, 25.05999999999993, 121.98999999999496, 121.98999999999496, 121.98999999999496, 25.05999999999993, 25.05999999999993, 25.05999999999993, 25.05999999999993], "episode_types": ["t", "t", "t", "t", "t", "t", "t", "t", "t", "t", "t", "t", "t", "t", "t"]}