{"initial_reset_timestamp": 1589737031.3077679, "timestamps": [1589737067.822967, 1589737076.0802808, 1589737082.4044387, 1589737083.1056361, 1589737088.534138, 1589737094.8449626, 1589737095.634956, 1589737096.4323595, 1589737133.2954097, 1589737139.2834098], "episode_lengths": [2101, 448, 2101, 276, 2101, 2101, 276, 276, 2101, 2101], "episode_rewards": [88.98999999999712, 25.519999999999854, 88.98999999999712, 17.240000000000038, 88.98999999999712, 88.98999999999712, 17.240000000000038, 17.240000000000038, 88.98999999999712, 88.98999999999712], "episode_types": ["t", "t", "t", "t", "t", "t", "t", "t", "t", "t"]}