{"initial_reset_timestamp": 1589685314.7952821, "timestamps": [1589685317.1651745, 1589685319.5978405, 1589685320.4614148, 1589685322.4608743, 1589685324.1974487], "episode_lengths": [194, 194, 194, 595, 595], "episode_rewards": [401.3933333333342, 401.3933333333342, 401.3933333333342, 1064.0500000000031, 1064.0500000000031], "episode_types": ["t", "t", "t", "t", "t"]}