{"initial_reset_timestamp": 1589728065.3867545, "timestamps": [1589728078.5589066, 1589728092.0056224, 1589728094.0919833, 1589728101.6965704, 1589728108.8379965, 1589728116.8866105, 1589728119.277315, 1589728121.5310233, 1589728165.0043638, 1589728167.5466917], "episode_lengths": [645, 645, 645, 2101, 2101, 2101, 645, 645, 2101, 645], "episode_rewards": [770.2166666666658, 770.2166666666658, 770.2166666666658, 432.3233333333511, 432.3233333333511, 432.3233333333511, 770.2166666666658, 770.2166666666658, 432.3233333333511, 770.2166666666658], "episode_types": ["t", "t", "t", "t", "t", "t", "t", "t", "t", "t"]}