{"initial_reset_timestamp": 1589731347.739302, "timestamps": [1589731414.6859615, 1589731422.487809, 1589731423.7417135, 1589731424.9363399, 1589731434.3769314, 1589731435.471702, 1589731436.5090477, 1589731437.4418137, 1589731445.0397906, 1589731453.7545319, 1589731461.6033173, 1589731462.7557557, 1589731471.1914437, 1589731480.641234, 1589731481.7145596], "episode_lengths": [2801, 322, 322, 322, 2801, 322, 322, 322, 322, 2801, 2801, 322, 2801, 2801, 322], "episode_rewards": [121.98999999999465, 16.780000000000037, 16.780000000000037, 16.780000000000037, 121.98999999999465, 16.780000000000037, 16.780000000000037, 16.780000000000037, 16.780000000000037, 121.98999999999465, 121.98999999999465, 16.780000000000037, 121.98999999999465, 121.98999999999465, 16.780000000000037], "episode_types": ["t", "t", "t", "t", "t", "t", "t", "t", "t", "t", "t", "t", "t", "t", "t"]}