{"initial_reset_timestamp": 1589730117.73128, "timestamps": [1589730196.5596714, 1589730276.020493, 1589730287.9623709, 1589730300.6185327, 1589730310.8415818], "episode_lengths": [2801, 2801, 2801, 2801, 2801], "episode_rewards": [-268.00999999999306, -268.0099999999866, -268.0099999999807, -268.0099999999984, -248.00999999998055], "episode_types": ["t", "t", "t", "t", "t"]}