{"initial_reset_timestamp": 1589738404.5124662, "timestamps": [1589738417.1587229, 1589738427.9469926, 1589738434.1372943, 1589738436.1329346, 1589738438.050182, 1589738443.9883294, 1589738450.0969968, 1589738452.1788871, 1589738490.394053, 1589738496.4156244], "episode_lengths": [881, 709, 2101, 709, 709, 2101, 2101, 709, 2101, 2101], "episode_rewards": [31.190000000000104, 22.909999999999762, 88.98999999999707, 22.909999999999762, 22.909999999999762, 88.98999999999707, 88.98999999999707, 22.909999999999762, 88.98999999999707, 88.98999999999707], "episode_types": ["t", "t", "t", "t", "t", "t", "t", "t", "t", "t"]}