{"initial_reset_timestamp": 1589718463.7778618, "timestamps": [1589718468.9473548, 1589718473.6185315, 1589718474.5323496, 1589718475.4052987, 1589718476.2660463], "episode_lengths": [353, 353, 353, 352, 354], "episode_rewards": [1041.470000000002, 1041.470000000002, 1041.470000000002, 1041.4800000000023, 1041.4600000000023], "episode_types": ["t", "t", "t", "t", "t"]}