{"initial_reset_timestamp": 1589724003.5018666, "timestamps": [1589724007.7977204, 1589724013.2451937, 1589724014.5611804, 1589724015.628043, 1589724016.735557], "episode_lengths": [356, 355, 355, 356, 357], "episode_rewards": [1041.4400000000023, 1041.450000000002, 1041.450000000002, 1041.4400000000023, 1041.430000000002], "episode_types": ["t", "t", "t", "t", "t"]}