{"initial_reset_timestamp": 1589179544.0799093, "timestamps": [1589179554.3742967, 1589179564.7319257, 1589179565.7767398, 1589179566.7032368, 1589179567.6343782], "episode_lengths": [356, 355, 355, 356, 357], "episode_rewards": [1041.4400000000023, 1041.450000000002, 1041.450000000002, 1041.4400000000023, 1041.430000000002], "episode_types": ["t", "t", "t", "t", "t"]}