{"initial_reset_timestamp": 1589773765.4963617, "timestamps": [1589773770.3696666, 1589773775.236217, 1589773776.3673978, 1589773777.3792279, 1589773778.4257505, 1589773779.554558, 1589773780.576438, 1589773781.5880847, 1589773786.0196168, 1589773787.09782], "episode_lengths": [640, 640, 640, 584, 584, 640, 584, 584, 584, 584], "episode_rewards": [53.60000000000039, 53.60000000000039, 53.60000000000039, 804.1600000000049, 804.1600000000049, 53.60000000000039, 804.1600000000049, 804.1600000000049, 804.1600000000049, 804.1600000000049], "episode_types": ["t", "t", "t", "t", "t", "t", "t", "t", "t", "t"]}