{"initial_reset_timestamp": 1589736858.2918675, "timestamps": [1589736863.6495478, 1589736866.0859354, 1589736867.1499913, 1589736868.1379187, 1589736868.5581563], "episode_lengths": [291, 126, 291, 291, 126], "episode_rewards": [350.4233333333337, -274.59333333333296, 350.4233333333337, 350.4233333333337, -274.59333333333296], "episode_types": ["t", "t", "t", "t", "t"]}