{"initial_reset_timestamp": 1589677295.3005626, "timestamps": [1589677312.3624055, 1589677320.526966, 1589677322.1024098, 1589677323.733193, 1589677329.2372932], "episode_lengths": [1762, 749, 472, 511, 1801], "episode_rewards": [1042.3800000000156, 1052.5100000000061, 1055.2800000000038, 1054.890000000004, 688.6566666666824], "episode_types": ["t", "t", "t", "t", "t"]}