{"initial_reset_timestamp": 1589685544.2837224, "timestamps": [1589685568.5345643, 1589685593.3791904, 1589685600.7208698, 1589685607.541444, 1589685614.0819712], "episode_lengths": [2101, 2101, 2101, 2101, 2101], "episode_rewards": [88.98999999999707, 88.98999999999707, 88.98999999999707, 88.98999999999707, 88.98999999999688], "episode_types": ["t", "t", "t", "t", "t"]}