{"initial_reset_timestamp": 1589733526.4899938, "timestamps": [1589733528.9609103, 1589733531.6731155, 1589733533.4807649, 1589733533.8867092, 1589733534.280143, 1589733534.6821597, 1589733536.5251443, 1589733538.5013735, 1589733549.390503, 1589733549.8235662], "episode_lengths": [126, 126, 589, 126, 126, 126, 589, 589, 589, 126], "episode_rewards": [392.0733333333336, 392.0733333333336, 1064.1100000000042, 392.0733333333336, 392.0733333333336, 392.0733333333336, 1064.1100000000042, 1064.1100000000042, 1064.1100000000042, 392.0733333333336], "episode_types": ["t", "t", "t", "t", "t", "t", "t", "t", "t", "t"]}