{"initial_reset_timestamp": 1589621263.9840763, "timestamps": [1589621265.4215481, 1589621266.6944845, 1589621266.9975426, 1589621267.0974238, 1589621267.1803858], "episode_lengths": [15, 15, 15, 15, 15], "episode_rewards": [9.850000000000001, 9.850000000000001, 9.850000000000001, 9.850000000000001, 9.850000000000001], "episode_types": ["t", "t", "t", "t", "t"]}