{"initial_reset_timestamp": 1589799508.155652, "timestamps": [1589799517.1996331, 1589799526.2072766, 1589799528.0091794, 1589799529.4925709, 1589799530.9496288, 1589799532.43323, 1589799533.9057095, 1589799535.6793475, 1589799544.6382399, 1589799546.1585994], "episode_lengths": [1034, 1034, 1034, 846, 846, 846, 846, 1034, 1034, 846], "episode_rewards": [2039.660000000009, 2039.660000000009, 2039.660000000009, 681.5400000000063, 681.5400000000063, 681.5400000000063, 681.5400000000063, 2039.660000000009, 2039.660000000009, 681.5400000000063], "episode_types": ["t", "t", "t", "t", "t", "t", "t", "t", "t", "t"]}