{"initial_reset_timestamp": 1589718600.806242, "timestamps": [1589718609.6656723, 1589718618.6688461, 1589718620.2277536, 1589718621.805111, 1589718623.375063], "episode_lengths": [651, 651, 651, 651, 651], "episode_rewards": [1038.4900000000025, 1038.4900000000025, 1038.4900000000025, 1038.4900000000025, 1038.4900000000025], "episode_types": ["t", "t", "t", "t", "t"]}