{"initial_reset_timestamp": 1589727704.835891, "timestamps": [1589727708.7958322, 1589727712.9845834, 1589727713.7818613, 1589727714.5137775, 1589727715.1847966], "episode_lengths": [177, 179, 177, 179, 178], "episode_rewards": [1058.230000000001, 1058.210000000001, 1058.230000000001, 1058.210000000001, 1058.2200000000012], "episode_types": ["t", "t", "t", "t", "t"]}