{"initial_reset_timestamp": 1589715958.7739508, "timestamps": [1589715962.8085232, 1589715966.4473403, 1589715967.2289016, 1589715967.9625447, 1589715968.6983287], "episode_lengths": [356, 355, 355, 356, 357], "episode_rewards": [1041.4400000000023, 1041.450000000002, 1041.450000000002, 1041.4400000000023, 1041.430000000002], "episode_types": ["t", "t", "t", "t", "t"]}