{"initial_reset_timestamp": 1589769794.072748, "timestamps": [1589769796.037906, 1589769797.9314337, 1589769798.425234, 1589769798.84207, 1589769799.2759318], "episode_lengths": [235, 236, 236, 235, 234], "episode_rewards": [1077.6500000000015, 1077.6400000000017, 1077.6400000000017, 1077.6500000000015, 1077.6600000000017], "episode_types": ["t", "t", "t", "t", "t"]}