{"initial_reset_timestamp": 1589180726.5989842, "timestamps": [1589180750.403014, 1589180774.9356682, 1589180777.409344, 1589180779.7024684, 1589180782.0012484], "episode_lengths": [911, 911, 911, 911, 911], "episode_rewards": [1035.890000000004, 1035.890000000004, 1035.890000000004, 1035.890000000004, 1035.890000000004], "episode_types": ["t", "t", "t", "t", "t"]}