{"initial_reset_timestamp": 1589724150.1433444, "timestamps": [1589724164.351845, 1589724180.5781386, 1589724181.5611885, 1589724184.141293, 1589724187.046739], "episode_lengths": [1133, 1133, 411, 1133, 1133], "episode_rewards": [1038.6700000000033, 1038.6700000000033, 10.89000000000007, 1038.6700000000033, 1038.6700000000033], "episode_types": ["t", "t", "t", "t", "t"]}