{"initial_reset_timestamp": 1589773501.8356218, "timestamps": [1589773503.9703503, 1589773505.8696694, 1589773506.3311956, 1589773506.7811022, 1589773507.2205672], "episode_lengths": [235, 236, 236, 235, 234], "episode_rewards": [1077.6500000000015, 1077.6400000000017, 1077.6400000000017, 1077.6500000000015, 1077.6600000000017], "episode_types": ["t", "t", "t", "t", "t"]}