{"initial_reset_timestamp": 1589719049.4595354, "timestamps": [1589719053.2945795, 1589719056.6726816, 1589719057.4357095, 1589719058.156891, 1589719058.8783882], "episode_lengths": [356, 355, 355, 356, 357], "episode_rewards": [1041.4400000000023, 1041.450000000002, 1041.450000000002, 1041.4400000000023, 1041.430000000002], "episode_types": ["t", "t", "t", "t", "t"]}