{"initial_reset_timestamp": 1589721425.9814014, "timestamps": [1589721452.110926, 1589721477.8689442, 1589721483.2169788, 1589721488.5461164, 1589721493.9249337], "episode_lengths": [2701, 2701, 2701, 2701, 2701], "episode_rewards": [321.3233333333568, 321.3233333333568, 321.3233333333568, 321.3233333333568, 321.3233333333568], "episode_types": ["t", "t", "t", "t", "t"]}