{"initial_reset_timestamp": 1589734003.801207, "timestamps": [1589734013.1319857, 1589734022.8725343, 1589734025.7983627, 1589734030.410629, 1589734031.9566982, 1589734033.4913452, 1589734034.3496194, 1589734035.7630715, 1589734054.5499053, 1589734057.7539034, 1589734059.3483984, 1589734062.6071434, 1589734064.130662, 1589734067.2341247, 1589734070.4632566], "episode_lengths": [494, 494, 972, 1488, 494, 494, 322, 494, 972, 972, 494, 972, 494, 972, 972], "episode_rewards": [25.05999999999993, 25.05999999999993, 40.280000000000285, 65.12000000000003, 25.05999999999993, 25.05999999999993, 16.780000000000037, 25.05999999999993, 40.280000000000285, 40.280000000000285, 25.05999999999993, 40.280000000000285, 25.05999999999993, 40.280000000000285, 40.280000000000285], "episode_types": ["t", "t", "t", "t", "t", "t", "t", "t", "t", "t", "t", "t", "t", "t", "t"]}