{"initial_reset_timestamp": 1589677514.0188758, "timestamps": [1589677517.7167647, 1589677521.753104, 1589677522.8371494, 1589677523.8665903, 1589677525.0117884], "episode_lengths": [368, 368, 368, 368, 368], "episode_rewards": [419.6533333333358, 419.6533333333358, 419.6533333333358, 419.6533333333358, 419.6533333333358], "episode_types": ["t", "t", "t", "t", "t"]}