{"initial_reset_timestamp": 1589738193.6753979, "timestamps": [1589738196.9006052, 1589738199.5914807, 1589738200.1459677, 1589738200.6765842, 1589738201.2274346], "episode_lengths": [177, 179, 177, 179, 178], "episode_rewards": [1058.230000000001, 1058.210000000001, 1058.230000000001, 1058.210000000001, 1058.2200000000012], "episode_types": ["t", "t", "t", "t", "t"]}