{"initial_reset_timestamp": 1589798687.7519066, "timestamps": [1589798715.934857, 1589798746.508056, 1589798749.851985, 1589798756.098007, 1589798758.917043], "episode_lengths": [3227, 3501, 1876, 3501, 1604], "episode_rewards": [1067.7300000000287, 614.9900000000312, 1081.2400000000164, 624.9900000000312, 1083.960000000014], "episode_types": ["t", "t", "t", "t", "t"]}