{"initial_reset_timestamp": 1589769922.6520176, "timestamps": [1589769943.8426569, 1589769946.8365138, 1589769951.8692107, 1589769956.7426023, 1589769957.4128737, 1589769962.3516653, 1589769963.0115786, 1589769963.6975636, 1589769984.5699615, 1589769985.2723973], "episode_lengths": [2801, 381, 2801, 2801, 381, 2801, 381, 381, 2801, 381], "episode_rewards": [171.99000000000305, 296.1900000000002, 171.99000000000305, 171.99000000000305, 296.1900000000002, 171.99000000000305, 296.1900000000002, 296.1900000000002, 171.99000000000305, 296.1900000000002], "episode_types": ["t", "t", "t", "t", "t", "t", "t", "t", "t", "t"]}