{"initial_reset_timestamp": 1589716058.3424275, "timestamps": [1589716067.4353483, 1589716076.2654989, 1589716078.1378675, 1589716079.936448, 1589716081.7698548], "episode_lengths": [911, 911, 911, 911, 911], "episode_rewards": [1035.890000000004, 1035.890000000004, 1035.890000000004, 1035.890000000004, 1035.890000000004], "episode_types": ["t", "t", "t", "t", "t"]}