{"initial_reset_timestamp": 1589728470.0618603, "timestamps": [1589728511.9048572, 1589728514.1501024, 1589728520.7228615, 1589728521.0679476, 1589728528.1302865, 1589728534.5293844, 1589728534.8670547, 1589728542.0269196, 1589728544.121039, 1589728551.1060822, 1589728557.76901, 1589728564.4575431, 1589728571.0965254, 1589728571.4335885, 1589728578.034187], "episode_lengths": [2101, 104, 2101, 104, 2101, 2101, 104, 2101, 104, 2101, 2101, 2101, 2101, 104, 2101], "episode_rewards": [88.98999999999722, 8.959999999999999, 88.98999999999722, 8.959999999999999, 88.98999999999722, 88.98999999999722, 8.959999999999999, 88.98999999999722, 8.959999999999999, 88.98999999999722, 88.98999999999722, 88.98999999999722, 88.98999999999722, 8.959999999999999, 88.98999999999722], "episode_types": ["t", "t", "t", "t", "t", "t", "t", "t", "t", "t", "t", "t", "t", "t", "t"]}