{"initial_reset_timestamp": 1589773914.1926389, "timestamps": [1589773935.3172858, 1589773956.512449, 1589773956.8060083, 1589773958.1691577, 1589773963.0262609, 1589773964.371289, 1589773969.098619, 1589773973.834493, 1589773994.9341016, 1589773996.3307412, 1589773997.7070937, 1589773999.0857985, 1589774000.4411917, 1589774005.2350397, 1589774009.996283], "episode_lengths": [2801, 2801, 150, 792, 2801, 792, 2801, 2801, 2801, 792, 792, 792, 792, 2801, 2801], "episode_rewards": [2361.9899999999407, 2361.9899999999407, -1.500000000000001, 592.0800000000063, 2361.9899999999407, 592.0800000000063, 2361.9899999999407, 2361.9899999999407, 2361.9899999999407, 592.0800000000063, 592.0800000000063, 592.0800000000063, 592.0800000000063, 2361.9899999999407, 2361.9899999999407], "episode_types": ["t", "t", "t", "t", "t", "t", "t", "t", "t", "t", "t", "t", "t", "t", "t"]}