{"initial_reset_timestamp": 1589730834.0024405, "timestamps": [1589730858.197448, 1589730865.628229, 1589730866.8396301, 1589730867.8126853, 1589730871.3132231, 1589730872.494852, 1589730875.955855, 1589730879.7644172, 1589730887.267355, 1589730888.566491], "episode_lengths": [667, 190, 190, 190, 667, 190, 667, 667, 190, 190], "episode_rewards": [53.33000000000041, 48.10000000000003, 48.10000000000003, 48.10000000000003, 53.33000000000041, 48.10000000000003, 53.33000000000041, 53.33000000000041, 48.10000000000003, 48.10000000000003], "episode_types": ["t", "t", "t", "t", "t", "t", "t", "t", "t", "t"]}